{
  "Use Non-ASCII Font": false,
  "Tags": [],
  "Ansi 12 Color": {
    "Green Component": 0.81066548824310303,
    "Red Component": 0.43880558013916016,
    "Blue Component": 0.99898606538772583
  },
  "Ansi 6 Color": {
    "Green Component": 1,
    "Red Component": 0.34860008955001831,
    "Blue Component": 0.82062870264053345
  },
  "Draw Powerline Glyphs": true,
  "Bold Color": {
    "Green Component": 0.91671288013458252,
    "Red Component": 0.91654461622238159,
    "Blue Component": 0.91648769378662109
  },
  "Normal Font": "MesloLGS-NF-Regular 15",
  "Ansi 3 Color": {
    "Green Component": 0.81672251224517822,
    "Red Component": 0.99627053737640381,
    "Blue Component": 0.19727933406829834
  },
  "Ansi 4 Color": {
    "Green Component": 0.7149810791015625,
    "Red Component": 0.215079665184021,
    "Blue Component": 0.99871528148651123
  },
  "Rows": 25,
  "Default Bookmark": "No",
  "Ansi 5 Color": {
    "Green Component": 0.13310989737510681,
    "Red Component": 0.986469566822052,
    "Blue Component": 0.43182668089866638
  },
  "Blend": 0.25247260052224862,
  "Cursor Guide Color": {
    "Red Component": 0.70214027166366577,
    "Color Space": "sRGB",
    "Blue Component": 1,
    "Alpha Component": 0.25,
    "Green Component": 0.92681378126144409
  },
  "Non-ASCII Anti Aliased": true,
  "Use Bright Bold": true,
  "Ansi 10 Color": {
    "Green Component": 0.96712285280227661,
    "Red Component": 0.67800694704055786,
    "Blue Component": 0.74659085273742676
  },
  "Ambiguous Double Width": false,
  "Jobs to Ignore": [
    "rlogin",
    "ssh",
    "slogin",
    "telnet"
  ],
  "Ansi 15 Color": {
    "Green Component": 0.99997437000274658,
    "Red Component": 1,
    "Blue Component": 0.99999129772186279
  },
  "Foreground Color": {
    "Green Component": 0.92142927646636963,
    "Red Component": 0.90730977058410645,
    "Blue Component": 0.93115901947021484
  },
  "Working Directory": "\/Users\/lay",
  "Blinking Cursor": false,
  "Disable Window Resizing": true,
  "Sync Title": false,
  "Prompt Before Closing 2": false,
  "BM Growl": true,
  "Command": "",
  "Description": "Default",
  "Mouse Reporting": true,
  "Screen": -1,
  "Selection Color": {
    "Green Component": 0.41462835669517517,
    "Red Component": 0.30659490823745728,
    "Blue Component": 0.47096589207649231
  },
  "Initial Use Transparency": true,
  "Only The Default BG Color Uses Transparency": false,
  "Columns": 80,
  "Idle Code": 0,
  "Background Image Mode": 2,
  "Hide After Opening": false,
  "Ansi 13 Color": {
    "Green Component": 0.40164706110954285,
    "Red Component": 0.9887651801109314,
    "Blue Component": 0.60766077041625977
  },
  "Custom Command": "No",
  "Use Custom Window Title": false,
  "ASCII Anti Aliased": true,
  "Non Ascii Font": "Menlo-Regular 11",
  "Vertical Spacing": 1.2,
  "Use Bold Font": true,
  "Option Key Sends": 0,
  "Selected Text Color": {
    "Green Component": 0.92142927646636963,
    "Red Component": 0.90730977058410645,
    "Blue Component": 0.93115901947021484
  },
  "Background Color": {
    "Green Component": 0.14745020866394043,
    "Red Component": 0.11278382688760757,
    "Blue Component": 0.16608485579490662
  },
  "Character Encoding": 4,
  "Ansi 11 Color": {
    "Green Component": 0.88262283802032471,
    "Red Component": 0.99765938520431519,
    "Blue Component": 0.42511638998985291
  },
  "Use Italic Font": true,
  "Unlimited Scrollback": false,
  "Key Mappings": {
    "0xf700-0x260000": {
      "Action": 10,
      "Text": "[1;6A"
    },
    "0x37-0x40000": {
      "Action": 11,
      "Text": "0x1f"
    },
    "0x32-0x40000": {
      "Action": 11,
      "Text": "0x00"
    },
    "0xf709-0x20000": {
      "Action": 10,
      "Text": "[17;2~"
    },
    "0xf70c-0x20000": {
      "Action": 10,
      "Text": "[20;2~"
    },
    "0xf729-0x20000": {
      "Action": 10,
      "Text": "[1;2H"
    },
    "0xf72b-0x40000": {
      "Action": 10,
      "Text": "[1;5F"
    },
    "0xf705-0x20000": {
      "Action": 10,
      "Text": "[1;2Q"
    },
    "0xf703-0x260000": {
      "Action": 10,
      "Text": "[1;6C"
    },
    "0xf700-0x220000": {
      "Action": 10,
      "Text": "[1;2A"
    },
    "0xf701-0x280000": {
      "Action": 11,
      "Text": "0x1b 0x1b 0x5b 0x42"
    },
    "0x38-0x40000": {
      "Action": 11,
      "Text": "0x7f"
    },
    "0x33-0x40000": {
      "Action": 11,
      "Text": "0x1b"
    },
    "0x48-0x120000-0x4": {
      "Version": 1,
      "Action": 18,
      "Text": "",
      "Label": ""
    },
    "0xf703-0x220000": {
      "Action": 10,
      "Text": "[1;2C"
    },
    "0xf701-0x240000": {
      "Action": 10,
      "Text": "[1;5B"
    },
    "0x4b-0x120000-0x28": {
      "Version": 1,
      "Action": 20,
      "Text": "",
      "Label": ""
    },
    "0xf70d-0x20000": {
      "Action": 10,
      "Text": "[21;2~"
    },
    "0xf702-0x260000": {
      "Action": 10,
      "Text": "[1;6D"
    },
    "0xf729-0x40000": {
      "Action": 10,
      "Text": "[1;5H"
    },
    "0xf706-0x20000": {
      "Action": 10,
      "Text": "[1;2R"
    },
    "0x34-0x40000": {
      "Action": 11,
      "Text": "0x1c"
    },
    "0xf700-0x280000": {
      "Action": 11,
      "Text": "0x1b 0x1b 0x5b 0x41"
    },
    "0x2d-0x40000": {
      "Action": 11,
      "Text": "0x1f"
    },
    "0xf70e-0x20000": {
      "Action": 10,
      "Text": "[23;2~"
    },
    "0xf702-0x220000": {
      "Action": 10,
      "Text": "[1;2D"
    },
    "0xf703-0x280000": {
      "Action": 11,
      "Text": "0x1b 0x1b 0x5b 0x43"
    },
    "0xf700-0x240000": {
      "Action": 10,
      "Text": "[1;5A"
    },
    "0xf707-0x20000": {
      "Action": 10,
      "Text": "[1;2S"
    },
    "0xf70a-0x20000": {
      "Action": 10,
      "Text": "[18;2~"
    },
    "0x35-0x40000": {
      "Action": 11,
      "Text": "0x1d"
    },
    "0xf70f-0x20000": {
      "Action": 10,
      "Text": "[24;2~"
    },
    "0xf703-0x240000": {
      "Action": 10,
      "Text": "[1;5C"
    },
    "0x42-0x120000-0xb": {
      "Version": 1,
      "Action": 32,
      "Text": "",
      "Label": ""
    },
    "0xf701-0x260000": {
      "Action": 10,
      "Text": "[1;6B"
    },
    "0xf702-0x280000": {
      "Action": 11,
      "Text": "0x1b 0x1b 0x5b 0x44"
    },
    "0xf72b-0x20000": {
      "Action": 10,
      "Text": "[1;2F"
    },
    "0x36-0x40000": {
      "Action": 11,
      "Text": "0x1e"
    },
    "0xf708-0x20000": {
      "Action": 10,
      "Text": "[15;2~"
    },
    "0x4a-0x120000-0x26": {
      "Version": 1,
      "Action": 21,
      "Text": "",
      "Label": ""
    },
    "0x4c-0x120000-0x25": {
      "Version": 1,
      "Action": 19,
      "Text": "",
      "Label": ""
    },
    "0xf701-0x220000": {
      "Action": 10,
      "Text": "[1;2B"
    },
    "0xf70b-0x20000": {
      "Action": 10,
      "Text": "[19;2~"
    },
    "0xf702-0x240000": {
      "Action": 10,
      "Text": "[1;5D"
    },
    "0xf704-0x20000": {
      "Action": 10,
      "Text": "[1;2P"
    }
  },
  "Window Type": 0,
  "Blur Radius": 5.7381734645113029,
  "Blur": false,
  "Background Image Location": "\/Users\/lay\/Pictures\/ANIME-PICTURES.NET_-_685257-8200x4100-ghost+blade-yan+(ghost+blade)-wlop-single-fringe-short+hair.jpeg",
  "Badge Color": {
    "Red Component": 1,
    "Color Space": "sRGB",
    "Blue Component": 0,
    "Alpha Component": 0.5,
    "Green Component": 0.14910027384757996
  },
  "Scrollback Lines": 1000,
  "Send Code When Idle": false,
  "Close Sessions On End": true,
  "Terminal Type": "xterm-256color",
  "Visual Bell": true,
  "Flashing Bell": false,
  "Silence Bell": false,
  "Ansi 14 Color": {
    "Green Component": 1,
    "Red Component": 0.60292786359786987,
    "Blue Component": 0.90182536840438843
  },
  "Name": "Lay",
  "Cursor Text Color": {
    "Green Component": 0,
    "Red Component": 0,
    "Blue Component": 0
  },
  "Minimum Contrast": 0,
  "Shortcut": "",
  "Cursor Color": {
    "Green Component": 0.91671288013458252,